venue,capacity
[宮城県] 東京エレクトロンホール宮城,
京セラドーム大阪,
セキスイハイムスーパーアリーナ,
[東京都] PARCO劇場,
[神奈川県] 横浜アリーナ,
東京ドーム,
ZOZOマリンスタジアム ＆ 幕張メッセ,
[大阪府] COOL JAPAN PARK OSAKA WWホール,
[千葉県] ららアリーナ 東京ベイ,
Asueアリーナ大阪,
[東京都] 東京国際フォーラム ホールA,
[愛知県] COMTEC PORTBASE,
真駒内セキスイハイムアイスアリーナ,
GLION ARENA KOBE,
朱鷺メッセ 新潟コンベンションセンター,
有明アリーナ,
[大阪府] フェスティバルホール,
[東京都] THEATER MILANO-Za,
[台北] TAIPEI MUSIC CENTER,
[大阪府] フェニーチェ堺 大ホール,
マリンメッセ福岡A館,
[東京都] ヒューリックホール東京,
[東京都] 東京建物 Brillia HALL,
[大阪府] ＳｋｙシアターＭＢＳ,
[岡山県] 岡山芸術創造劇場 ハレノワ 大劇場,
[福岡県] キャナルシティ劇場,
六本木ヒルズ,
万博記念公園,
[東京都] EX THEATER ARIAKE (東京ドリームパーク内),
東京グローブ座,
森ノ宮ピロティホール,
[静岡県] エコパアリーナ,
大阪城ホール,
[北海道] 北海道立総合体育センター（北海きたえーる）,
[東京都] 有楽町よみうりホール,
横浜アリーナ,
エコパアリーナ,
マリンメッセ福岡 A館,
[ソウル] Jangchung Arena,
