ticket_id,created_at_unix,event_id,perf_date,perf_time,venue,status,price,quantity,delivery_method,ticket_type,name_type,raw_description,first_observed_at,last_observed_at,details_fetched,seller_name,seller_rating,order_num,ticket_tags,sold_at,year_month
q7q9owmkmp,1784871067215,milesixtones-2026,2026-09-19,17:30,味の素スタジアム,listing,40000,2,同行,electronic,none,"【条件あり】
チケットを複数所持しております。同時入場後にチケットを一旦回収し、開演5分前を目処に再集合の上チケットをお渡しさせていただきます。座席についてのクレーム等一切受け付けません。
公演当日は開演2時間半前頃に会場付近に集合し、同時入場して頂きます。(集合時間は予定ですので前後する場合がございます。)
・集合時間は必ず時間厳守でお願いいたします。万が一遅刻された場合は、ご購入様都合でのキャンセルとし返金致しません。
・代理購入不可。必ず購入したご本人様が来てください。
・待ち合わせ場所やお時間の詳細は公演当日の朝までに連絡ボードからご連絡させて頂きます。
・入場の際、一時的に身分証明書をお預かりする場合がございますので当日ご持参ください。入場後に返却させて頂きます。
・公演中止以外のキャンセル、本人確認やランダムエラー等で入場できなかった場合の返金は対応しておりません。
・入場後一旦解散して頂きますので当日連絡の取れるお電話番号を事前にお伝えください。
・チケットを受け取りましたら速やかに受け取り連絡をお願いいたします。
・如何なる場合も送金停止は受け付けておりません。
以上をご理解頂ける日本語の分かる方のみご購入ください。
購入した時点で、上記の内容に全て同意したこととします。",2026-07-24 05:31:07,2026-07-24 06:04:34,True,a,5.0,,ランダム,,2026-07
c388ymyntu,1784872619510,milesixtones-2026,2026-09-19,17:30,味の素スタジアム,listing,80000,1,QRごと,electronic,female,"QR毎/初期当選/アリツア落選名義/重複すり替えなし/着ブロ希望なし/下3桁提示可能｜有効期限内/30万番台
公演前日夜にログインに必要な情報をお伝えします。
当日は速やかにログアウト･受取報告をお願いいたします。
座席に関するクレームや返金は一切受け付けません。
公演中止の場合のみ手数料を引いた金額を返金します。
その他、体調不良･交通機関の乱れ･メンバー不在･本人確認･ランダムエラーで入場できなかったなど、如何なる場合も必ず受け取りはしていただき、キャンセル･返金できません。
購入された時点で了承いただけたものとします。",2026-07-24 05:56:59,2026-07-24 06:04:34,True,ta,5.0,,QR,,2026-07
0zsyp2jj69,1784872305387,milesixtones-2026,2026-09-19,17:30,味の素スタジアム,listing,34000,2,同行,electronic,female,【入場時ランダムエラーの場合の全額返金保証、立見なし】ランダムのお渡しとなり、購入者様の座席選択権はありませんことご理解下さい。(連番での落札は必ず連番のお譲り) 外国人の方また代理購入不可。当日開場時間30分前に会場付近待ち合わせ予定。お席に関するクレーム、理由問わず集合時間に遅刻、買い手様都合(出演者変更含む)のキャンセルなど入場時のランダムエラー・公演中止以外一切対応、返金しかねます。チケットをお渡し受取連絡を頂いた時点でお取引完了とみなします。ご不明な点あれば購入前ににご質問頂き、上記記載にご納得ご了承いただける方のみご購入ください。,2026-07-24 05:51:45,2026-07-24 06:04:34,True,U,5.0,,ランダム,,2026-07
h55sa9kjlz,1784871450620,milesixtones-2026,2026-09-19,17:30,味の素スタジアム,listing,35000,2,同行,electronic,female,"ランダム配布
・2枚での購入の場合は2連でのお渡し可能です。
・プライベート出品に切り替えますので、購入希望の方はコメントください。
・開演2時間20分前集合予定、詳細は連絡ボードにて。
・公演当日身分証明書を必ずお待ち下さい。
・当日、入場のため端末をお借りする場合がございます。QRコードが開ける端末をお持ちください。
・公演当日、こちらが指定した時間に最寄駅または会場付近で待ち合わせし、同時入場していただきます。
詳しい時間・場所等は、決定次第マイページの連絡ボードでお知らせします。
・重複選している為、入場後はチケットを回収させて頂きます。座席選択にお時間を頂きますので、1度解散しこちらの指定した時間と場所でチケットをお渡しいたします。
ご購入者様にお席はお選びいただけませんので、どの席でも楽しんでいただける方のご購入をお願い致します。座席に関するクレームは受け付けかねますので、ご了承くださいま
せ。
・チケットお渡し後は、その場で受け取り連絡をお願い致します。
・買い手様都合でのキャンセル、当日の公共機関の遅延、ランダムエラーや本人確認、体調不良や検温による入場不可の場合の返金は致しかねますのでご了承ください。公演中止の場合のみ返金対応をいたします。
・集合時間へ遅刻をされた場合は先に入場させていただきます。その際受取連絡もして頂きますようお願い致します。
・チケットのお渡し後はサイドチェンジ等お好きにしていただいて構いません。
上記のことをご了承いただける方のみのご購入をお願い致します。",2026-07-24 05:37:30,2026-07-24 06:04:34,True,s,5.0,,ランダム,,2026-07
htn88dh1km,1784870862057,milesixtones-2026,2026-09-19,17:30,味の素スタジアム,listing,40000,2,前日,electronic,female,"【条件あり】
チケットを複数所持しております。同時入場後にチケットを一旦回収し、開演10分前を目処に再集合の上チケットをお渡しさせていただきます。座席についてのクレーム等一切受け付けません。
公演当日は開演2時間半前頃に会場付近に集合し、同時入場して頂きます。(集合時間は予定ですので前後する場合がございます。)
・集合時間は必ず時間厳守でお願いいたします。万が一遅刻された場合は、ご購入様都合でのキャンセルとし返金致しません。
・代理購入不可。必ず購入したご本人様が来てください。
・待ち合わせ場所やお時間の詳細は公演当日の朝までに連絡ボードからご連絡させて頂きます。
・入場の際、一時的に身分証明書をお預かりする場合がございますので当日ご持参ください。入場後に返却させて頂きます。
・公演中止以外のキャンセル、本人確認やランダムエラー等で入場できなかった場合の返金は対応しておりません。
・入場後一旦解散して頂きますので当日連絡の取れるお電話番号を事前にお伝えください。
・チケットを受け取りましたら速やかに受け取り連絡をお願いいたします。
・如何なる場合も送金停止は受け付けておりません。
以上をご理解頂ける日本語の分かる方のみご購入ください。
購入した時点で、上記の内容に全て同意したこととします。",2026-07-24 05:27:42,2026-07-24 06:04:34,True,♡♡,5.0,,ランダム記載あり,,2026-07
h8s88ea4xu,1784870909569,milesixtones-2026,2026-09-19,17:30,味の素スタジアム,listing,40000,2,前日,electronic,female,"【条件あり】
チケットを複数所持しております。同時入場後にチケットを一旦回収し、開演10分前を目処に再集合の上チケットをお渡しさせていただきます。座席についてのクレーム等一切受け付けません。
公演当日は開演2時間半前頃に会場付近に集合し、同時入場して頂きます。(集合時間は予定ですので前後する場合がございます。)
・集合時間は必ず時間厳守でお願いいたします。万が一遅刻された場合は、ご購入様都合でのキャンセルとし返金致しません。
・代理購入不可。必ず購入したご本人様が来てください。
・待ち合わせ場所やお時間の詳細は公演当日の朝までに連絡ボードからご連絡させて頂きます。
・入場の際、一時的に身分証明書をお預かりする場合がございますので当日ご持参ください。入場後に返却させて頂きます。
・公演中止以外のキャンセル、本人確認やランダムエラー等で入場できなかった場合の返金は対応しておりません。
・入場後一旦解散して頂きますので当日連絡の取れるお電話番号を事前にお伝えください。
・チケットを受け取りましたら速やかに受け取り連絡をお願いいたします。
・如何なる場合も送金停止は受け付けておりません。
以上をご理解頂ける日本語の分かる方のみご購入ください。
購入した時点で、上記の内容に全て同意したこととします。",2026-07-24 05:28:29,2026-07-24 06:04:34,True,♡♡,5.0,,ランダム,,2026-07
sold_1784869439584,1784869439584,milesixtones-2026,2026-09-19,17:30,味の素スタジアム,sold,30000,2,同行,electronic,none,"【条件あり】
チケットを複数所持しております。同時入場後にチケットを一旦回収し、開演5分前を目処に再集合の上チケットをお渡しさせていただきます。座席についてのク...",2026-07-24 05:03:59,2026-07-24 06:04:34,False,,,,,2026-07-24 06:04:34,2026-07
hd0y9wbdy5,1784870692802,milesixtones-2026,2026-09-19,17:30,味の素スタジアム,listing,0,2,公演日1日前までにQRコード共有,electronic,female,"QR毎/初期当選/アリツア落選名義/重複すり替えなし/着ブロ希望なし/下3桁提示可能｜有効期限内/発送物戻りなし
公演前日夜にログインに必要な情報をお伝えします。
同行者の同意チェックは事前にお時間ご指定頂けたらその時間に行うよう努めます。代表者の同意チェックはご購入者様自身でお願いいたします。
当日は速やかにログアウト･受取報告をお願いいたします。
座席に関するクレームや返金は一切受け付けません。
公演中止の場合のみ手数料を引いた金額を返金します。
その他、体調不良･交通機関の乱れ･メンバー不在･本人確認･ランダムエラーで入場できなかったなど、如何なる場合も必ず受け取りはしていただき、キャンセル･返金できません。
購入された時点で了承いただけたものとします。",2026-07-24 05:24:52,2026-07-24 06:04:34,True,み,5.0,,QR,,2026-07
5ecz6k72p4,1784872903504,milesixtones-2026,2026-09-19,17:30,味の素スタジアム,listing,40000,2,同行,electronic,female,"5名義中3番手
初期当選 着ブロなし
日本語の通じる、成人済みの日本人女性のみ
2番手まで決定後、残りのチケットの中からお選びいただけます。開演30分前までにはお渡しします。
2連で購入いただいた場合、同行の方と別々に入場していただく場合がございますが、チケットは2連でお渡しします。
購入希望の場合はプライベート出品に切り替えますのでコメントください。",2026-07-24 06:01:43,2026-07-24 06:04:34,True,S,5.0,,番手,,2026-07
rrjjxltl8o,1784872542547,milesixtones-2026,2026-09-19,17:30,味の素スタジアム,listing,75000,2,QR毎,electronic,female,"QR毎/初期当選/⭐️アリツ落選名義/重複すり替えなし/着ブロ希望なし/下3桁提示可/有効期限内/発送物戻りなし
⭐️定価+手数料先払い🉑優先
公演前日までにログイン情報をお伝えします。
同行者の同意チェックもこちらでご対応いたします。代表者の同意チェックはご購入者様自身でお願いいたします。
当日は速やかにログアウト・受取報告とスクショをお願いいたします。
座席に関するクレームや返金は一切受け付けません。
公演中止の場合のみ手数料を引いた金額を返金します。
その他体調不良、ランダムエラー等含む如何なる場合も必ず受け取りして頂きます。
購入後のキャンセル・返金できません。
ご了承の上ご購入下さい。",2026-07-24 05:55:42,2026-07-24 06:04:34,True,🩷,5.0,,QR,,2026-07
br5cb9o1th,1784871703269,milesixtones-2026,2026-09-19,17:30,味の素スタジアム,listing,50000,1,当日お渡しいたします,electronic,female,"3番手のお席となります。
入場後にチケットを一旦回収し、開演30分前を目処に再集合の上チケットをお渡しさせていただきます。座席についてのクレーム等一切受け付けません。
公演当日は開場15分前頃に会場付近に集合し、同時入場して頂きます。(集合時間は予定ですので前後する場合がございます。)
・集合時間は必ず時間厳守でお願いいたします。万が一遅刻された場合は、ご購入様都合でのキャンセルとし返金致しません。
・代理購入不可。必ず購入したご本人様が来てください。
・待ち合わせ場所やお時間の詳細は公演当日の朝までに連絡ボードからご連絡させて頂きます。
・入場の際、一時的に身分証明書をお預かりいたします。当日必ずご持参ください。入場後に返却させて頂きます。
・公演中止以外のキャンセル、本人確認やランダムエラー等で入場できなかった場合の返金は対応しておりません。
・入場後一旦解散して頂きますので当日連絡の取れるお電話番号を事前にお伝えください。
・チケットを受け取りましたら速やかに受け取り連絡をお願いいたします。
・如何なる場合も送金停止は受け付けておりません。
以上をご理解頂ける日本語の分かる方のみご購入ください。
購入した時点で、上記の内容に全て同意したこととします。",2026-07-24 05:41:43,2026-07-24 06:04:34,True,h,5.0,,番手,,2026-07
nroy1llslq,1784870412218,milesixtones-2026,2026-09-19,17:30,味の素スタジアム,listing,70000,2,公演日前日までにQRコード共有,electronic,female,"QR毎/初期当選/アリツア落選名義/重複すり替えなし/着ブロ希望なし/下3桁提示可能｜有効期限内/発送物戻りなし
公演前日夜にログインに必要な情報をお伝えします。
同行者の同意チェックは事前にお時間ご指定頂けたらその時間に行うよう努めます。代表者の同意チェックはご購入者様自身でお願いいたします。
当日は速やかにログアウト･受取報告をお願いいたします。
座席に関するクレームや返金は一切受け付けません。
公演中止の場合のみ手数料を引いた金額を返金します。
その他、体調不良･交通機関の乱れ･メンバー不在･本人確認･ランダムエラーで入場できなかったなど、如何なる場合も必ず受け取りはしていただき、キャンセル･返金できません。
購入された時点で了承いただけたものとします。",2026-07-24 05:20:12,2026-07-24 06:04:34,True,N,5.0,,QR,,2026-07
1bhpagyqey,1784871872712,milesixtones-2026,2026-09-19,17:30,味の素スタジアム,listing,70000,2,公演前日に共有,electronic,female,"QR毎/初期当選/アリツア落選/下3桁開示可能/有効期限内/発送物戻り無し
公演前日にログイン情報お伝えします。
同意チェックはご購入者様ご自身でお願いいたします。
当日は入場後速やかにログアウト、受取報告の方お願いいたします。
座席に関するクレームや返金は一切お受けできません。
公演中止の場合のみ手数料をひいた金額を返金します。
その他、体調不良や交通機関の乱れ、本人確認やランダムエラーでの入場不可など、如何なる場合でも受取報告はしていただき、キャンセル･返金は受付できませんのでご了承ください。",2026-07-24 05:44:32,2026-07-24 06:04:34,True,m,5.0,,QR,,2026-07
tjyvhb78n0,1784870876561,milesixtones-2026,2026-09-19,17:30,味の素スタジアム,listing,55000,1,座席未定,electronic,female,"2番手のお席となります。
入場後にチケットを一旦回収し、開演30分前を目処に再集合の上チケットをお渡しさせていただきます。座席についてのクレーム等一切受け付けません。
公演当日は開場15分前頃に会場付近に集合し、同時入場して頂きます。(集合時間は予定ですので前後する場合がございます。)
・集合時間は必ず時間厳守でお願いいたします。万が一遅刻された場合は、ご購入様都合でのキャンセルとし返金致しません。
・代理購入不可。必ず購入したご本人様が来てください。
・待ち合わせ場所やお時間の詳細は公演当日の朝までに連絡ボードからご連絡させて頂きます。
・入場の際、一時的に身分証明書をお預かりいたします。当日必ずご持参ください。入場後に返却させて頂きます。
・公演中止以外のキャンセル、本人確認やランダムエラー等で入場できなかった場合の返金は対応しておりません。
・入場後一旦解散して頂きますので当日連絡の取れるお電話番号を事前にお伝えください。
・チケットを受け取りましたら速やかに受け取り連絡をお願いいたします。
・如何なる場合も送金停止は受け付けておりません。
以上をご理解頂ける日本語の分かる方のみご購入ください。
購入した時点で、上記の内容に全て同意したこととします。",2026-07-24 05:27:56,2026-07-24 06:04:34,True,h,5.0,,番手,,2026-07
gq0bll26jk,1784872582531,milesixtones-2026,2026-09-19,17:30,味の素スタジアム,listing,70000,1,公演日前日までにログイン情報提示,electronic,male,"有効期限内/初期当選/すり替えなし重複なし/下3桁提示可
ランダムエラーや本人確認など公演中止以外の場合は返金不可",2026-07-24 05:56:22,2026-07-24 06:04:34,True,𖤐,5.0,,QR,,2026-07
nqosyy0vtz,1784872931826,milesixtones-2026,2026-09-19,17:30,味の素スタジアム,listing,45000,1,連絡ボード,electronic,female,"プライベートモードにてお取引希望の為希望者の方はメッセージお願い致します
【条件あり】
チケットを複数所持しております。同時入場後にチケットを一旦回収し、開演5~10分前を目処に再集合の上チケットをお渡しさせていただきます。座席についてのクレーム等一切受け付けません。
公演当日は開演2時間半前頃に会場付近に集合し、同時入場して頂きます。(集合時間は予定ですので前後する場合がございます。)
・集合時間は必ず時間厳守でお願いいたします。万が一遅刻された場合は、ご購入様都合でのキャンセルとし返金致しません。
・代理購入不可。必ず購入したご本人様が来てください。
・待ち合わせ場所やお時間の詳細は公演当日の朝までに連絡ボードからご連絡させて頂きます。
・入場の際、一時的に身分証明書をお預かりする場合がございますので当日ご持参ください。入場後に返却させて頂きます。
・公演中止以外のキャンセル、本人確認やランダムエラーやQRコード表示エラー等で入場できなかった場合の返金は対応しておりません。
・入場後一旦解散して頂きますので当日連絡の取れるお電話番号をお聞きする可能性もあります
・チケットを受け取りましたら速やかに受け取り連絡をお願いいたします。
・如何なる場合も送金停止は受け付けておりません。
以上をご理解頂ける日本語の分かる方のみご購入ください。",2026-07-24 06:02:11,2026-07-24 06:04:34,True,（｡･ω･｡）,5.0,,ランダム,,2026-07
lxvqwcwrq1,1784872026882,milesixtones-2026,2026-09-19,17:30,味の素スタジアム,listing,70000,2,公演日前日ログイン情報の共有,electronic,female,"QR毎/初期当選/有効期限内/下3桁提示可/発送物戻りなし/着ブロ希望なし/
公演日前日にログイン情報をお伝えします。
公演中止の場合のみ、手数料を引いた金額を返金致します。公演中止以外での理由（一部メンバーの不在、遅刻、遅延、体調不良、ランダムエラー、本人確認、システムエラー）等、如何なる場合でも返金はできません。
入場後は速やかにログアウトをお願い致します。
お取引成立後のキャンセルは一切受け付けておりませんのでご了承ください。
上記の内容全て了承の上取引をお願い致します。",2026-07-24 05:47:06,2026-07-24 06:04:34,True,もちゅ,5.0,,QR,,2026-07
sold_1784871850711,1784871850711,milesixtones-2026,2026-09-20,17:30,味の素スタジアム,sold,35000,2,公演日前日までにQRコード共有,electronic,female,"ファンクラブ先行
座席未定",2026-07-24 05:44:10,2026-07-24 06:04:34,False,,,,,2026-07-24 06:04:34,2026-07
0tw24osj9f,1784873074170,milesixtones-2026,2026-09-20,17:30,味の素スタジアム,listing,60000,2,同行,electronic,none,"2名義中2番手
下3桁提示可能/すり替えなし/有効期限内/初期当選/アリツア落選名義
・公演当日は開場時間1時間前会場付近で待ち合わせをし、同時入場していたく予定です。
・待ち合わせ場所、詳しい時間等は公演前日までにご連絡いたします。
・チケットの発券後、当方が選ばなかった2枚をお渡しします。
・同行者登録にご協力いただく場合がございます。
・入場の際、身分証をお預かりさせていただく場合がございます。
・入場の際、同行者様と別々で入場していただく場合がございますが、チケットは必ず連番でお渡しいたします。
・必ず時間厳守でお願いいたします。遅刻をされた場合は先に入場させていただきます。その際も受取連絡していただきます。購入者都合のキャンセル、ランダムエラーや本人確認等で入場できなかった場合など公演中止以外の理由での返金はいたしかねます。
・チケットのお渡しと同時に受取連絡をお願いいたします。
・席のクレームは受け付けません。
・当日こまめに連絡の取れる方のみご購入ください。",2026-07-24 06:04:34,2026-07-24 06:04:34,True,77,5.0,,番手,,2026-07
a3z8cph3cy,1784872333627,milesixtones-2026,2026-09-20,17:30,味の素スタジアム,listing,35000,2,ランダム,electronic,female,"ランダム配布
・プライベート出品に切り替えますので、購入希望の方はコメントください。
・開演2時間前頃集合予定、詳細は連絡ボードにて。
・公演当日、こちらが指定した時間に最寄駅または会場付近で待ち合わせし、同時入場していただきます。
詳しい時間・場所等は、決定次第マイページの連絡ボードでお知らせします。
・重複選している為、入場後はチケットを回収させて頂きます。
座席選択にお時間を頂きますので、1度解散しこちらの指定した時間と場所でチケットをお渡しいたします。
ご購入者様にお席はお選びいただけませんので、どの席でも楽しんでいただける方のご購入をお願い致します。
座席に関するクレームは受け付けかねますので、ご了承ください。
・チケットお渡し後は、その場で受け取り連絡をお願い致します。
・買い手様都合でのキャンセル、当日の公共機関の遅延、ランダムエラーや本人確認、体調不良や検温による入場不可の場合の返金は致しかねますのでご了承ください。公演中止の場合のみ返金対応をいたします。
・集合時間へ遅刻をされた場合は先に入場させていただきます。その際受取連絡もして頂きますようお願い致します。
・チケットのお渡し後はサイドチェンジ等お好きにしていただいて構いません。
上記のことをご了承いただける方のみのご購入をお願い致します。",2026-07-24 05:52:13,2026-07-24 06:04:34,True,🐾,5.0,,ランダム,,2026-07
lj7mceirdp,1784873062683,milesixtones-2026,2026-09-20,17:30,味の素スタジアム,listing,70000,2,公演日1日前までにQRコード共有,electronic,female,"QR毎/初期当選/アリツア落選名義/重複すり替えなし/着ブロ希望なし/下3桁提示可能｜有効期限内/発送物戻りなし
公演前日夜にログインに必要な情報をお伝えします。
同行者の同意チェックは事前にお時間ご指定頂けたらその時間に行うよう努めます。代表者の同意チェックはご購入者様自身でお願いいたします。
当日は速やかにログアウト･受取報告をお願いいたします。
座席に関するクレームや返金は一切受け付けません。
公演中止の場合のみ手数料を引いた金額を返金します。
その他、体調不良･交通機関の乱れ･メンバー不在･本人確認･ランダムエラーで入場できなかったなど、如何なる場合も必ず受け取りはしていただき、キャンセル･返金できません。
購入された時点で了承いただけたものとします。",2026-07-24 06:04:22,2026-07-24 06:04:34,True,r,5.0,,QR,,2026-07
iqmsgsd6lv,1784872139525,milesixtones-2026,2026-09-20,17:30,味の素スタジアム,listing,40000,2,ランダム配布,electronic,female,"取引決定後の変更不可。Pay-easy支払いのみのランダム配布/初期当選のみ　期限内名義/公演当日、会場付近で待ち合わせをし同時入場して頂きます。開場時間30分前までに到着をお願いいたします。時間に余裕を持って待ち合わせに来られる方のみでお願いいたします。体調不良や到着が大幅に遅れる場合は先に入場いたしますが受け取りしていただきますのでご了承ください。入場後一旦チケットを回収させて頂き、当方が席を選択した後、チケットをお渡し致します。座席を確認するのにお時間を頂く可能性がございます。座席に関するクレームは受け付けません。ご了承ください。
同行者登録に必要な情報を事前に提示お願い致します。公演中止を除き入場エラーによるトラブルや代理購入など如何なる場合も返金は対応致しかねますのでご了承ください。連絡が迅速に取れる方、時間を守れる方、日本人成人女性のみでお願いいたします。",2026-07-24 05:48:59,2026-07-24 06:04:34,True,あ,5.0,,同行記載あり,,2026-07
2ufpf2x9cz,1784872454630,milesixtones-2026,2026-09-20,17:30,味の素スタジアム,listing,0,1,公演日前日にQRコード共有,electronic,female,"初期当選 有効期限内 重複すり替えなし
主催者側による公演中止以外いかなる理由においても返金不可です。必ず受け取り通知お願いします。",2026-07-24 05:54:14,2026-07-24 06:04:34,True,ま,5.0,,,,2026-07
gkkcs9gpf9,1784872365070,milesixtones-2026,2026-09-20,17:30,味の素スタジアム,listing,30000,2,同行,electronic,female,【入場時ランダムエラーの場合の全額返金保証、立見なし】ランダムのお渡しとなり、購入者様の座席選択権はありませんことご理解下さい。(連番での落札は必ず連番のお譲り) 外国人の方また代理購入不可。当日開場時間30分前に会場付近待ち合わせ予定。お席に関するクレーム、理由問わず集合時間に遅刻、買い手様都合(出演者変更含む)のキャンセルなど入場時のランダムエラー・公演中止以外一切対応、返金しかねます。チケットをお渡し受取連絡を頂いた時点でお取引完了とみなします。ご不明な点あれば購入前ににご質問頂き、上記記載にご納得ご了承いただける方のみご購入ください。,2026-07-24 05:52:45,2026-07-24 06:04:34,True,U,5.0,,ランダム,,2026-07
m0yxpy1i8c,1784871915232,milesixtones-2026,2026-09-20,17:30,味の素スタジアム,listing,40000,2,ランダム配布,electronic,female,"取引決定後の変更不可。Pay-easy支払いのみのランダム配布/初期当選のみ　期限内名義/公演当日、会場付近で待ち合わせをし同時入場して頂きます。開場時間30分前までに到着をお願いいたします。時間に余裕を持って待ち合わせに来られる方のみでお願いいたします。体調不良や到着が大幅に遅れる場合は先に入場いたしますが受け取りしていただきますのでご了承ください。入場後一旦チケットを回収させて頂き、当方が席を選択した後、チケットをお渡し致します。座席を確認するのにお時間を頂く可能性がございます。座席に関するクレームは受け付けません。ご了承ください。
同行者登録に必要な情報を事前に提示お願い致します。公演中止を除き入場エラーによるトラブルや代理購入など如何なる場合も返金は対応致しかねますのでご了承ください。連絡が迅速に取れる方、時間を守れる方、日本人成人女性のみでお願いいたします。",2026-07-24 05:45:15,2026-07-24 06:04:34,True,あ,5.0,,同行記載あり,,2026-07
0lxaxd9nix,1784872674480,milesixtones-2026,2026-09-20,17:30,味の素スタジアム,listing,0,1,公演3日前にログイン情報提示,electronic,female,"初期当選/下3桁提示可/有効期限内
公演中止以外返金不可",2026-07-24 05:57:54,2026-07-24 06:04:34,True,刹那,5.0,,QR,,2026-07
hw8qphbkkq,1784870332860,milesixtones-2026,2026-09-20,17:30,味の素スタジアム,listing,80000,2,公演前日までにログイン情報共有,electronic,female,"下3桁提示可能/期限内/20万台
・公演前日までにログイン情報をお伝えします。
・本人確認やランダムエラーなどで入場できなかった場合、入場後の強制退場や出演者の変更など、如何なる場合でも返金は一切致しません。
・遅刻、体調不良、トラブル等の如何なる場合もキャンセルは受け付けません。公演中止の場合のみサイト規約に基づき、手数料を差し引いた金額を返金致します。
・座席に関するクレーム等はお受け致しません。
上記を了承された方のみご購入お願い致します。",2026-07-24 05:18:52,2026-07-24 06:04:34,True,あ,5.0,,QR,,2026-07
iov0hzk8eq,1784872029242,milesixtones-2026,2026-09-20,17:30,味の素スタジアム,listing,0,2,公演日1日前までにQRコード共有,electronic,female,"支払期日までに定価分先払い可能な方でお願い致します。
QR毎/初期当選/アリツア落選名義/重複すり替えなし/着ブロ希望なし/下3桁提示可能｜有効期限内/発送物戻りなし
公演日前日にログイン情報をお伝えします。
同行者の同意チェックは事前にお時間ご指定頂けたらその時間に出来るよう努めます。代表者の同意チェックはご購入者様自身でお願いいたします。
当日は速やかにログアウト･受取報告をお願いいたします。
座席に関するクレームや返金は一切受け付けません。
公演中止の場合のみ手数料を引いた金額を返金します。
その他、体調不良･交通機関の乱れ･メンバー不在･本人確認･ランダムエラーで入場できなかったなど、如何なる場合も必ず受け取りはしていただき、キャンセル･返金できません。
こちら全てお読みになった上でご購入ください。",2026-07-24 05:47:09,2026-07-24 06:04:34,True,るるん,5.0,,QR,,2026-07
7dcgibh2fq,1784872750682,milesixtones-2026,2026-09-20,17:30,味の素スタジアム,listing,75000,1,公演日前日QRコード共有,electronic,female,"QR毎/初期当選/女性名義/アリツア落選名義/重複すり替えなし/着ブロ希望なし/下3桁提示可能/有効期限内
公演前日夜にログインに必要な情報をお伝えします。
当日は速やかにログアウト･受取報告をお願いいたします。
座席に関するクレームや返金は一切受け付けません。
公演中止の場合のみ手数料を引いた金額を返金します。
その他、体調不良･交通機関の乱れ･メンバー不在･本人確認･ランダムエラーで入場できなかったなど、如何なる場合も必ず受け取りはしていただき、キャンセル･返金できません。
購入された時点で了承いただけたものとします。",2026-07-24 05:59:10,2026-07-24 06:04:34,True,り,5.0,,QR,,2026-07
skxjt1w3hn,1784872704312,milesixtones-2026,2026-09-20,17:30,味の素スタジアム,listing,70000,1,公演日前日までにログイン情報提示,electronic,female,"有効期限内/初期当選/すり替えなし重複なし/下3桁提示可
ランダムエラーや本人確認など公演中止以外の場合は返金不可",2026-07-24 05:58:24,2026-07-24 06:04:34,True,𖤐,5.0,,QR,,2026-07
taxawo9h09,1784872114070,milesixtones-2026,2026-09-20,17:30,味の素スタジアム,listing,70000,2,公演日前日にログイン情報の共有,electronic,female,"QR毎/初期当選/有効期限内/下3桁提示可/発送物戻りなし/着ブロ希望なし
公演日前日にログイン情報をお伝えします。
公演中止の場合のみ、手数料を引いた金額を返金致します。公演中止以外での理由（一部メンバーの不在、遅刻、遅延、体調不良、ランダムエラー、本人確認、システムエラー）等、如何なる場合でも返金はできません。
入場後は速やかにログアウトをお願い致します。
お取引成立後のキャンセルは一切受け付けておりませんのでご了承ください。
上記の内容全て了承の上取引をお願い致します。",2026-07-24 05:48:34,2026-07-24 06:04:34,True,もちゅ,5.0,,QR,,2026-07
iwkjp95n5t,1784869502417,milesixtones-2026,2026-09-20,17:30,味の素スタジアム,listing,30000,2,同行,electronic,none,"【条件あり】
チケットを複数所持しております。同時入場後にチケットを一旦回収し、開演5分前を目処に再集合の上チケットをお渡しさせていただきます。座席についてのクレーム等一切受け付けません。
公演当日は開演2時間半前頃に会場付近に集合し、同時入場して頂きます。(集合時間は予定ですので前後する場合がございます。)
・集合時間は必ず時間厳守でお願いいたします。万が一遅刻された場合は、ご購入様都合でのキャンセルとし返金致しません。
・代理購入不可。必ず購入したご本人様が来てください。
・待ち合わせ場所やお時間の詳細は公演当日の朝までに連絡ボードからご連絡させて頂きます。
・入場の際、一時的に身分証明書をお預かりする場合がございますので当日ご持参ください。入場後に返却させて頂きます。
・公演中止以外のキャンセル、本人確認やランダムエラー等で入場できなかった場合の返金は対応しておりません。
・入場後一旦解散して頂きますので当日連絡の取れるお電話番号を事前にお伝えください。
・チケットを受け取りましたら速やかに受け取り連絡をお願いいたします。
・如何なる場合も送金停止は受け付けておりません。
以上をご理解頂ける日本語の分かる方のみご購入ください。
購入した時点で、上記の内容に全て同意したこととします。",2026-07-24 05:05:02,2026-07-24 06:04:34,True,a,5.0,,ランダム,,2026-07
1jkyph9bfp,1784872110239,milesixtones-2026,2026-09-20,17:30,味の素スタジアム,listing,0,2,公演日前日までにQRコード共有,electronic,female,"初期当選 有効期限内 重複すり替えなし
主催者側による公演中止以外いかなる理由においても返金不可
体調不良、ランダムエラー、交通機関等の返金は対応致しませんので必ず受け取り通知をしていただきます。",2026-07-24 05:48:30,2026-07-24 06:04:34,True,ま,5.0,,ランダム記載あり,,2026-07
rw8z7jlky2,1784871809331,milesixtones-2026,2026-11-07,17:00,ヤンマースタジアム長居,listing,50000,2,同行,electronic,female,"FC先行/有効期限名義のみ/条件あり
・3名義中3名義目のお譲りです。
・当方が選ばなかったチケットをお渡し致します。
・お席の選択に時間を頂きますので、ご了承ください。
・公演当日、開演2時間30分前に会場付近で待ち合わせし、同時入場していただきます。
詳しい待ち合わせ時間・場所等は、ご入金後にマイページの連絡ボードでお知らせします。
・当日こまめに連絡が取れる方でお願いします。
・入場後は速やかに受け取り通知をお願いします。
・チケットお渡し後サイドチェンジ等して頂いて構いません。
・公演中止以外の理由での返金対応はお受け致しか
ねます。ご了承ください。
・成人女性、日本人のご購入お願いします。",2026-07-24 05:43:29,2026-07-24 06:04:34,True,m♪,5.0,,,,2026-07
67ia8nrqpd,1784872734477,milesixtones-2026,2026-11-07,17:00,ヤンマースタジアム長居,listing,40000,2,ランダム配布,electronic,female,"【ランダム配布】全て初期当選、会員有効期限内、女性名義
１．同時入場後、全てのチケットを回収し一旦解散させて頂きます。当方座席選択後、ランダムにチケットをお渡し致します。買い手様に座席選択権はございません。座席選択に時間を要する可能性がございますがご了承ください。チケットお渡しの際は代表者様にご連絡しますので迅速に応答できる状態でお願い致します。開演に間に合うように必ずお渡しします。
２．成人済み日本人女性、当方提示の時間に確実にお越し頂ける方、スムーズに連絡の取れる方、電話番号・お名前のご提示可能な方でお願いします。
お待ち合わせにつきましては前日までに詳細ご連絡させて頂きます。
３．複数人で集合頂くため、遅刻する事のないよう時間に余裕を持ってお越し下さい。(開場30分前の14:30集合予定)交通機関遅延や体調不良等いかなる事情も考慮致しません。大幅な遅刻をされた場合は待たずに入場させていただきます。その場合でも発送連絡しますので必ず受取通知はしていただきます。
公演中止の場合のみ返金可能です。ランダムエラーや本人確認などの入場トラブル・一部出演者が出演しない場合は返金不可とさせていただきます。買い手様都合でのキャンセルの場合、別のお譲り先の金額との差額もしくはお約束していた当日手渡し分もサイト通しの上お支払いいただきます。身勝手なキャンセルは非常に迷惑ですのでお取引に責任を持ってご対応お願いいたします。
４．スムーズにQRコード表示したい為、同行者登録はこちらで全て完了した状態で入場いたします。購入者様の携帯番号・お名前で登録させて頂くかもしれませんが、その際メールアドレスはこちらで用意します。
５．発券のお手伝い頂く可能性がございます。その際は入場前に身分証お預かりし入場発券後当方に半券お渡し頂く際に身分証返却します。身分証とQR表示できるスマートフォン端末を必ずご持参下さい。
６．2連でご購入頂いた方は入場時分かれて頂く可能性がございますが必ず2連番のチケットをお渡しします。
７．チケットお渡ししましたら必ずその場で受取通知をしていただき、当方で確認完了しましたら速やかに解散お願いします。
以上、全てご理解ご了承の上ご購入お願いいたします。",2026-07-24 05:58:54,2026-07-24 06:04:34,True,M,5.0,,ランダム,,2026-07
ulcdrdqaby,1784871371096,milesixtones-2026,2026-11-07,17:00,ヤンマースタジアム長居,listing,40000,2,同行,electronic,female,"【条件あり】
チケットを複数所持しております。同時入場後にチケットを一旦回収し、開演5分前を目処に再集合の上チケットをお渡しさせていただきます。座席についてのクレーム等一切受け付けません。
公演当日は開演2時間半前頃に会場付近に集合し、同時入場して頂きます。(集合時間は予定ですので前後する場合がございます。)
・集合時間は必ず時間厳守でお願いいたします。万が一遅刻された場合は、ご購入様都合でのキャンセルとし返金致しません。
・代理購入不可。必ず購入したご本人様が来てください。
・待ち合わせ場所やお時間の詳細は公演当日の朝までに連絡ボードからご連絡させて頂きます。
・入場の際、一時的に身分証明書をお預かりする場合がございますので当日ご持参ください。入場後に返却させて頂きます。
・公演中止以外のキャンセル、本人確認やランダムエラー等で入場できなかった場合の返金は対応しておりません。
・入場後一旦解散して頂きますので当日連絡の取れるお電話番号を事前にお伝えください。
・チケットを受け取りましたら速やかに受け取り連絡をお願いいたします。
・如何なる場合も送金停止は受け付けておりません。
以上をご理解頂ける日本語の分かる方のみご購入ください。
購入した時点で、上記の内容に全て同意したこととします。",2026-07-24 05:36:11,2026-07-24 06:04:34,True,a,5.0,,ランダム,,2026-07
6bwvuf3029,1784871865451,milesixtones-2026,2026-11-07,17:00,ヤンマースタジアム長居,listing,70000,2,同行,electronic,female,"FC先行/有効期限名義のみ/アリツア落選名義/条件あり
・3名義中2名義目のお譲りです。
・お席の選択に時間を頂きますので、ご了承ください。
・公演当日、開演2時間30分前に会場付近で待ち合わせし、同時入場していただきます。
詳しい待ち合わせ時間・場所等は、ご入金後にマイページの連絡ボードでお知らせします。
・当日こまめに連絡が取れる方でお願いします。
・入場後は速やかに受け取り通知をお願いします。
・チケットお渡し後サイドチェンジ等して頂いて構いません。
・公演中止以外の理由での返金対応はお受け致しか
ねます。ご了承ください。
・成人女性、日本人のご購入お願いします。",2026-07-24 05:44:25,2026-07-24 06:04:34,True,m♪,5.0,,,,2026-07
jk3si02o18,1784871428538,milesixtones-2026,2026-11-07,17:00,ヤンマースタジアム長居,listing,80000,2,2名義中2番手,electronic,female,"2名義中2番手/すり替えなし/有効期限内/下三桁提示可/着ブロ希望なし
公演中止の場合のみ、手数料を引いた金額を返金致します。公演中止以外（一部メンバー不在、遅刻、遅延、体調不良、ランダムエラー等)いかなる理由であっても返金不可です。
お取引成立後はキャンセル不可とさせていただきます。",2026-07-24 05:37:08,2026-07-24 06:04:34,True,みるく,5.0,,番手,,2026-07
79utrndgt6,1784871912836,milesixtones-2026,2026-11-07,17:00,ヤンマースタジアム長居,listing,70000,1,公演日前日までにログイン情報提示,electronic,female,"期限内名義にて当選
QR毎
公演前日までにログイン情報提示いたします。入場出来次第受取評価とログアウトをお願いいたします。
また公演中止以外での返金対応不可となります。",2026-07-24 05:45:12,2026-07-24 06:04:34,True,あ,5.0,,QR,,2026-07
tsxyd29p1n,1784869537656,milesixtones-2026,2026-11-07,17:00,ヤンマースタジアム長居,listing,30000,2,同行,electronic,none,"【条件あり】
チケットを複数所持しております。同時入場後にチケットを一旦回収し、開演5分前を目処に再集合の上チケットをお渡しさせていただきます。座席についてのクレーム等一切受け付けません。
公演当日は開演2時間半前頃に会場付近に集合し、同時入場して頂きます。(集合時間は予定ですので前後する場合がございます。)
・集合時間は必ず時間厳守でお願いいたします。万が一遅刻された場合は、ご購入様都合でのキャンセルとし返金致しません。
・代理購入不可。必ず購入したご本人様が来てください。
・待ち合わせ場所やお時間の詳細は公演当日の朝までに連絡ボードからご連絡させて頂きます。
・入場の際、一時的に身分証明書をお預かりする場合がございますので当日ご持参ください。入場後に返却させて頂きます。
・公演中止以外のキャンセル、本人確認やランダムエラー等で入場できなかった場合の返金は対応しておりません。
・入場後一旦解散して頂きますので当日連絡の取れるお電話番号を事前にお伝えください。
・チケットを受け取りましたら速やかに受け取り連絡をお願いいたします。
・如何なる場合も送金停止は受け付けておりません。
以上をご理解頂ける日本語の分かる方のみご購入ください。
購入した時点で、上記の内容に全て同意したこととします。",2026-07-24 05:05:37,2026-07-24 06:04:34,True,a,5.0,,ランダム,,2026-07
968braccz7,1784872222750,milesixtones-2026,2026-11-07,17:00,ヤンマースタジアム長居,listing,80000,2,公演日前日にログイン情報の共有,electronic,female,"QR毎/初期当選/有効期限内/下3桁提示可/発送物戻りなし/着ブロ希望なし
公演日前日にログイン情報をお伝えします。
公演中止の場合のみ、手数料を引いた金額を返金致します。公演中止以外での理由（一部メンバーの不在、遅刻、遅延、体調不良、ランダムエラー、本人確認、システムエラー）等、如何なる場合でも返金はできません。
入場後は速やかにログアウトをお願い致します。
お取引成立後のキャンセルは一切受け付けておりませんのでご了承ください。
上記の内容全て了承の上取引をお願い致します。",2026-07-24 05:50:22,2026-07-24 06:04:34,True,もちゅ,5.0,,QR,,2026-07
s8q37t3vtn,1784871908321,milesixtones-2026,2026-11-08,17:00,ヤンマースタジアム長居,listing,55000,2,同行,electronic,female,"FC先行/有効期限名義のみ/アリツア落選名義/条件あり
・3名義中3名義目のお譲りです。
・当方が選ばなかったチケットをお渡し致します。
・お席の選択に時間を頂きますので、ご了承ください。
・公演当日、開演2時間30分前に会場付近で待ち合わせし、同時入場していただきます。
詳しい待ち合わせ時間・場所等は、ご入金後にマイページの連絡ボードでお知らせします。
・当日こまめに連絡が取れる方でお願いします。
・入場後は速やかに受け取り通知をお願いします。
・チケットお渡し後サイドチェンジ等して頂いて構いません。
・公演中止以外の理由での返金対応はお受け致しか
ねます。ご了承ください。
・成人女性、日本人のご購入お願いします。",2026-07-24 05:45:08,2026-07-24 06:04:34,True,m♪,5.0,,,,2026-07
w1oarwqkts,1784872474986,milesixtones-2026,2026-11-08,17:00,ヤンマースタジアム長居,listing,40000,2,同行,electronic,female,【入場時ランダムエラーの場合の全額返金保証、立見なし】ランダムのお渡しとなり、購入者様の座席選択権はありませんことご理解下さい。(連番での落札は必ず連番のお譲り) 外国人の方また代理購入不可。当日開場時間30分前に会場付近待ち合わせ予定。お席に関するクレーム、理由問わず集合時間に遅刻、買い手様都合(出演者変更含む)のキャンセルなど入場時のランダムエラー・公演中止以外一切対応、返金しかねます。チケットをお渡し受取連絡を頂いた時点でお取引完了とみなします。ご不明な点あれば購入前ににご質問頂き、上記記載にご納得ご了承いただける方のみご購入ください。,2026-07-24 05:54:34,2026-07-24 06:04:34,True,U,5.0,,ランダム,,2026-07
7seddde0ge,1784872853528,milesixtones-2026,2026-11-08,17:00,ヤンマースタジアム長居,listing,58000,2,公演日前日までにログイン情報共有,electronic,female,初期当選、重複すり替え無し、下3桁提示可,2026-07-24 06:00:53,2026-07-24 06:04:34,True,y,5.0,,QR,,2026-07
sold_1784869840778,1784869840778,milesixtones-2026,2026-11-08,17:00,ヤンマースタジアム長居,sold,40000,2,公演日当日にQRコード共有,electronic,none,"FC先行 座席未定QR／初期選／重複・す
り替えなし／下3桁提示可能／有効期限内
公演日に連絡ボードにて必要な情報をお伝えします。
お席に関するクレーム・送金停...",2026-07-24 05:10:40,2026-07-24 06:04:34,False,,,,,2026-07-24 06:04:34,2026-07
1co8wyzfs8,1784870742773,milesixtones-2026,2026-11-08,17:00,ヤンマースタジアム長居,listing,0,2,公演日1日前までにQRコード共有,electronic,female,,2026-07-24 05:25:42,2026-07-24 06:04:34,True,りゃん,5.0,,QR,,2026-07
5olbvbadsy,1784872395698,milesixtones-2026,2026-11-08,17:00,ヤンマースタジアム長居,listing,0,2,公演日前日にQRコード共有,electronic,female,"初期当選 有効期限内 重複すり替えなし
主催者側による公演中止以外いかなる理由においても返金不可です。必ず受け取り通知お願いします。",2026-07-24 05:53:15,2026-07-24 06:04:34,True,ま,5.0,,,,2026-07
sold_1784871423886,1784871423886,milesixtones-2026,2026-11-08,17:00,ヤンマースタジアム長居,sold,45000,2,公演日前日までにQRコード共有,electronic,female,"FC先行 / 初期当選/ 座席未定 / QR毎 /下3桁提示可/ 有効期限内 / 発送物戻りなし/着ブロ希望なし/ 同一クレカなし

プラベ出品対応可能

最終...",2026-07-24 05:37:03,2026-07-24 06:04:34,False,,,,,2026-07-24 06:04:34,2026-07
bppvm9go2d,1784872928450,milesixtones-2026,2026-11-08,17:00,ヤンマースタジアム長居,listing,40000,2,ランダム配布,electronic,female,"【ランダム配布】全て初期当選、会員有効期限内、女性名義
１．同時入場後、全てのチケットを回収し一旦解散させて頂きます。当方座席選択後、ランダムにチケットをお渡し致します。買い手様に座席選択権はございません。座席選択に時間を要する可能性がございますがご了承ください。チケットお渡しの際は代表者様にご連絡しますので迅速に応答できる状態でお願い致します。開演に間に合うように必ずお渡しします。
２．成人済み日本人女性、当方提示の時間に確実にお越し頂ける方、スムーズに連絡の取れる方、電話番号・お名前のご提示可能な方でお願いします。
お待ち合わせにつきましては前日までに詳細ご連絡させて頂きます。
３．複数人で集合頂くため、遅刻する事のないよう時間に余裕を持ってお越し下さい。(開場30分前の14:30集合予定)交通機関遅延や体調不良等いかなる事情も考慮致しません。大幅な遅刻をされた場合は待たずに入場させていただきます。その場合でも発送連絡しますので必ず受取通知はしていただきます。
公演中止の場合のみ返金可能です。ランダムエラーや本人確認などの入場トラブル・一部出演者が出演しない場合は返金不可とさせていただきます。買い手様都合でのキャンセルの場合、別のお譲り先の金額との差額もしくはお約束していた当日手渡し分もサイト通しの上お支払いいただきます。身勝手なキャンセルは非常に迷惑ですのでお取引に責任を持ってご対応お願いいたします。
４．スムーズにQRコード表示したい為、同行者登録はこちらで全て完了した状態で入場いたします。購入者様の携帯番号・お名前で登録させて頂くかもしれませんが、その際メールアドレスはこちらで用意します。
５．発券のお手伝い頂く可能性がございます。その際は入場前に身分証お預かりし入場発券後当方に半券お渡し頂く際に身分証返却します。身分証とQR表示できるスマートフォン端末を必ずご持参下さい。
６．2連でご購入頂いた方は入場時分かれて頂く可能性がございますが必ず2連番のチケットをお渡しします。
７．チケットお渡ししましたら必ずその場で受取通知をしていただき、当方で確認完了しましたら速やかに解散お願いします。
以上、全てご理解ご了承の上ご購入お願いいたします。",2026-07-24 06:02:08,2026-07-24 06:04:34,True,M,5.0,,ランダム,,2026-07
v4yzkhwd21,1784871985681,milesixtones-2026,2026-11-08,17:00,ヤンマースタジアム長居,listing,75000,2,同行,electronic,female,"FC先行/有効期限名義のみ/アリツア落選名義/条件あり
・3名義中2名義目のお譲りです。
・お席の選択に時間を頂きますので、ご了承ください。
・公演当日、開演2時間30分前に会場付近で待ち合わせし、同時入場していただきます。
詳しい待ち合わせ時間・場所等は、ご入金後にマイページの連絡ボードでお知らせします。
・当日こまめに連絡が取れる方でお願いします。
・入場後は速やかに受け取り通知をお願いします。
・チケットお渡し後サイドチェンジ等して頂いて構いません。
・公演中止以外の理由での返金対応はお受け致しか
ねます。ご了承ください。
・成人女性、日本人のご購入お願いします。",2026-07-24 05:46:25,2026-07-24 06:04:34,True,m♪,5.0,,,,2026-07
q64g6cpabv,1784871587150,milesixtones-2026,2026-11-08,17:00,ヤンマースタジアム長居,listing,65000,2,公演日1日前までにQRコード共有,electronic,female,"FC先行 / 初期当選/ 座席未定 / QR毎 /下3桁提示可/ 有効期限内 / 発送物戻りなし/着ブロ希望なし/ 同一クレカなし
プラベ出品対応可能
当選歴なし
同行者チェックを済ませた状態で、公演日前日にログイン情報をお伝えいたします。
代表者チェックは買い手様にてお願いいたします。
本人確認などで入場できなかった場合のクレーム・返金対応は一切お受けできません。
その他ご本人様の端末の不具合によるエラーや、ランダムエラー、体調不良でのご自身の都合による入場不可の場合等いずれも返金不可となります。
いかなる場合も必ず受け取りを行っていただきます。
主催者側からの公演中止の場合のみ、必要な手数料を差し引いた金額を返金します。
ご入場後、開演前までに必ず受け取り手続き及び速やかにログアウトをお願いいたします。
上記のことを全てをご理解頂ける日本語が通じる方のみご購入をお願いします。
購入された時点で以上同意されたものとみなしますのでよろしくお願いいたします。",2026-07-24 05:39:47,2026-07-24 06:04:34,True,I,5.0,,QR,,2026-07
qnkcelhgox,1784872441763,milesixtones-2026,2026-11-21,16:30,日産スタジアム,listing,63000,2,公演日前日までにQRコード共有,electronic,female,"QR毎/初期当選/アリツア落選名義/重複すり替えなし/着ブロ希望なし/下3桁提示可能｜有効期限内/発送物戻りなし
公演前日夜にログインに必要な情報をお伝えします。
当日は速やかにログアウト･受取報告をお願いいたします。
座席に関するクレームや返金は一切受け付けません。
公演中止の場合のみ手数料を引いた金額を返金します。
その他、体調不良･交通機関の乱れ･メンバー不在･本人確認･ランダムエラーで入場できなかったなど、如何なる場合も必ず受け取りはしていただき、キャンセル･返金できません。
購入された時点で了承いただけたものとします。",2026-07-24 05:54:01,2026-07-24 06:04:34,True,me,5.0,,QR,,2026-07
n5abpdljjw,1784870391284,milesixtones-2026,2026-11-21,16:30,日産スタジアム,listing,70000,2,公演前日,electronic,female,"QR毎/初期当選/アリツア落選名義/重複すり替えなし/着ブロ希望なし/下3桁提示可能｜有効期限内/発送物戻りなし
公演前日夜にログインに必要な情報をお伝えします。
同行者の同意チェックは事前にお時間ご指定頂けたらその時間に行うよう努めます。代表者の同意チェックはご購入者様自身でお願いいたします。
当日は速やかにログアウト･受取報告をお願いいたします。
座席に関するクレームや返金は一切受け付けません。
公演中止の場合のみ手数料を引いた金額を返金します。
その他、体調不良･交通機関の乱れ･メンバー不在･本人確認･ランダムエラーで入場できなかったなど、如何なる場合も必ず受け取りはしていただき、キャンセル･返金できません。
購入された時点で了承いただけたものとします。",2026-07-24 05:19:51,2026-07-24 06:04:34,True,さーら,5.0,,QR,,2026-07
v1xulnf28b,1784872074451,milesixtones-2026,2026-11-21,16:30,日産スタジアム,listing,80000,2,同行,electronic,female,"FC先行/有効期限名義のみ/アリツア落選名義/条件あり
・2名義中2名義目のお譲りです。
・当方が選ばなかったチケットをお渡し致します。
・お席の選択に時間を頂きますので、ご了承ください。
・公演当日、開演2時間30分前に会場付近で待ち合わせし、同時入場していただきます。
詳しい待ち合わせ時間・場所等は、ご入金後にマイページの連絡ボードでお知らせします。
・当日こまめに連絡が取れる方でお願いします。
・入場後は速やかに受け取り通知をお願いします。
・チケットお渡し後サイドチェンジ等して頂いて構いません。
・公演中止以外の理由での返金対応はお受け致しか
ねます。ご了承ください。
・成人女性、日本人のご購入お願いします。",2026-07-24 05:47:54,2026-07-24 06:04:34,True,m♪,5.0,,,,2026-07
sold_1784870119762,1784870119762,milesixtones-2026,2026-11-21,16:30,日産スタジアム,sold,70000,2,前日に共有,electronic,female,"QR毎/アリツア落選名義/初期当選/重複すり替えなし/着ブロ希望なし/下3桁提示可能｜有効期限内/発送物戻りなし

公演前日夜にログインに必要な情報をお伝えしま...",2026-07-24 05:15:19,2026-07-24 06:04:34,False,,,,,2026-07-24 06:04:34,2026-07
95ijt7uw4c,1784869597370,milesixtones-2026,2026-11-21,16:30,日産スタジアム,listing,35000,2,同行,electronic,none,"【条件あり】
チケットを複数所持しております。同時入場後にチケットを一旦回収し、開演5分前を目処に再集合の上チケットをお渡しさせていただきます。座席についてのクレーム等一切受け付けません。
公演当日は開演2時間半前頃に会場付近に集合し、同時入場して頂きます。(集合時間は予定ですので前後する場合がございます。)
・集合時間は必ず時間厳守でお願いいたします。万が一遅刻された場合は、ご購入様都合でのキャンセルとし返金致しません。
・代理購入不可。必ず購入したご本人様が来てください。
・待ち合わせ場所やお時間の詳細は公演当日の朝までに連絡ボードからご連絡させて頂きます。
・入場の際、一時的に身分証明書をお預かりする場合がございますので当日ご持参ください。入場後に返却させて頂きます。
・公演中止以外のキャンセル、本人確認やランダムエラー等で入場できなかった場合の返金は対応しておりません。
・入場後一旦解散して頂きますので当日連絡の取れるお電話番号を事前にお伝えください。
・チケットを受け取りましたら速やかに受け取り連絡をお願いいたします。
・如何なる場合も送金停止は受け付けておりません。
以上をご理解頂ける日本語の分かる方のみご購入ください。
購入した時点で、上記の内容に全て同意したこととします。",2026-07-24 05:06:37,2026-07-24 06:04:34,True,a,5.0,,ランダム,,2026-07
5ivluil3am,1784872428606,milesixtones-2026,2026-11-21,16:30,日産スタジアム,listing,85000,2,同行,electronic,female,"2名義中2番手
下三桁提示可能/すり替えなし/有効期限内/
・公演当日は開場時間20~30分前に会場付近で待ち合わせをし、同時入場していただきます。
・待ち合わせ場所、詳しい時間等は決まり次第メッセージにてご連絡致します。
・チケットの発券後、当方が座席選択後2番目にお渡し致します。その際、座席確認のためお時間頂戴する場合がございます。
・入場の際、同行者様と別々で入場していただく場合がございますが、チケットは必ず連番でお渡しいたします。
・時間厳守でお願いいたします。遅刻をされた場合は先に入場させていただきます。その際も受取連絡していただきます。購入者都合のキャンセル、ランダムエラーや本人確認で入場できなかった場合など公演中止以外の理由での返金は致しかねます。
・チケットのお渡しと同時に受取連絡をお願い致します。
・成人済みの日本人女性のみご購入をお願いいたします。
・上記を全てご理解、ご了承頂いた方のみご購入お願いいたします。",2026-07-24 05:53:48,2026-07-24 06:04:34,True,ai,5.0,,番手,,2026-07
luowx4888i,1784872022998,milesixtones-2026,2026-11-21,16:30,日産スタジアム,listing,70000,1,公演日7日前までにQRコード共有,electronic,female,"QR毎/初期当選/アリツア落選名義/重複すり替えなし/着ブロ希望なし/下3桁提示可能｜有効期限内/発送物戻りなし
公演前日にログインに必要な情報をお伝えします。
代表者の同意チェックはご購入者様自身でお願いいたします。当日は速やかにログアウト･受取報告をお願いいたします。会場内で電波が悪いと思われますが速やかに対応よろしくお願い致します。
座席に関するクレームや返金は一切受け付けません。
公演中止の場合は手数料を引いた分返金致します。その他、体調不良･交通機関の乱れ･メンバー不在･本人確認･ランダムエラーで入場できなかったなど、如何なる場合も必ず受け取りはしていただき、キャンセル･返金できません。
購入された時点で了承いただけたものとします。",2026-07-24 05:47:02,2026-07-24 06:04:34,True,♥,5.0,,QR,,2026-07
572yvukgmy,1784871631892,milesixtones-2026,2026-11-21,16:30,日産スタジアム,listing,40000,2,同行,electronic,female,"ランダム配布
・プライベート出品に切り替えますので、購入希望の方はコメントください。
・開演1時間前集合予定、詳細は連絡ボードにて。
・公演当日身分証明書を必ずお待ち下さい。
・当日、入場のため端末をお借りする場合がございます。QRコードが開ける端末をお持ちください。
・公演当日、こちらが指定した時間に最寄駅または会場付近で待ち合わせし、同時入場していただきます。
詳しい時間・場所等は、決定次第マイページの連絡ボードでお知らせします。
・重複選している為、入場後はチケットを回収させて頂きます。座席選択にお時間を頂きますので、1度解散しこちらの指定した時間と場所でチケットをお渡しいたします。
ご購入者様にお席はお選びいただけませんので、どの席でも楽しんでいただける方のご購入をお願い致します。座席に関するクレームは受け付けかねますので、ご了承くださいま
せ。
・チケットお渡し後は、その場で受け取り連絡をお願い致します。
・買い手様都合でのキャンセル、当日の公共機関の遅延、ランダムエラーや本人確認、体調不良や検温による入場不可の場合の返金は致しかねますのでご了承ください。公演中止の場合のみ返金対応をいたします。
・集合時間へ遅刻をされた場合は先に入場させていただきます。その際受取連絡もして頂きますようお願い致します。
・チケットのお渡し後はサイドチェンジ等お好きにしていただいて構いません。
上記のことをご了承いただける方のみのご購入をお願い致します。",2026-07-24 05:40:31,2026-07-24 06:04:34,True,s,5.0,,ランダム,,2026-07
rjh3ufpjrj,1784870270511,milesixtones-2026,2026-11-21,16:30,日産スタジアム,listing,65000,2,前日までにログイン情報共有,electronic,female,"初期当選／重複・すり替えなし／下3桁提示可能／有効期限内
公演日前日までに連絡ボードにて必要な情報をお伝えします。
お席に関するクレーム・送金停止は一切お受けつけません。
いかなる理由で入場できなかった場合でも返金不可。本人確認、システムエラー等で入場できなかった際も返金不可。
また、支払いコードを送るので期日までに支払いお願いいたします。日本語の通じる成人女性のみ取引いたします。",2026-07-24 05:17:50,2026-07-24 06:04:34,True,な,5.0,,QR,,2026-07
gsewn7pxzt,1784870038296,milesixtones-2026,2026-11-22,16:30,日産スタジアム,listing,80000,1,QR毎,electronic,female,"FC先行 座席未定QR／初期選／重複・す
り替えなし／下3桁提示可能／有効期限内
公演日に連絡ボードにて必要な情報をお伝えします。
お席に関するクレーム・送金停止は一切お受け致しかねます。
主催者側による公演中止以外で、体調不良、検温での入
場不可
等、いかなる理由で入場できなかった場合でも返金は致しませんのでご了承ください。
本人確認、システムエラー等で入場できなかった際も返金はお断りさせていただきます。
※必ず日本語を話せる方でお願いします。
送金停止依頼、入金後の不備、如何なる場合でも返金受け付けません",2026-07-24 05:13:58,2026-07-24 06:04:34,True,な,5.0,,QR,,2026-07
h8cwmgy855,1784871463290,milesixtones-2026,2026-11-22,16:30,日産スタジアム,listing,45000,2,同行,electronic,female,"3名義中3番手
下三桁提示可能/すり替えなし/有効期限内/
・公演当日は開場時間20~30分前に会場付近で待ち合わせをし、同時入場していただきます。
・待ち合わせ場所、詳しい時間等は公演前日までにご連絡致します。
・チケットの発券後、当方が座席選択後に速やかにチケットをお渡しいたします。
・入場の際、端末をお借りする場合がございます。
・同行者登録にご協力いただく場合がございます。
・入場の際、身分証をお預かりさせていただく場合がございます。
・入場の際、同行者様と別々で入場していただく場合がございますが、チケットは必ず連番でお渡しいたします。
・必ず時間厳守でお願いいたします。遅刻をされた場合は先に入場させていただきます。その際も受取連絡していただきます。購入者都合のキャンセル、ランダムエラーや本人確認等で入場できなかった場合など公演中止以外の理由での返金は致しかねます。
・チケットのお渡しと同時に受取連絡をお願い致します。
・成人済みの日本人女性のみご購入をお願いいたします。
上記を全てご理解、ご了承頂いた方のみご購入お願いいたします。",2026-07-24 05:37:43,2026-07-24 06:04:34,True,わ,5.0,,番手,,2026-07
zhlu33cs7o,1784871047656,milesixtones-2026,2026-11-22,16:30,日産スタジアム,listing,80000,2,公演1日前までに会員情報共有,electronic,female,"QR毎/初期当選/アリツア落選名義/重複すり替えなし/着ブロ希望なし/下3桁提示可能｜有効期限内/発送物戻りなし
公演前日夜にログインに必要な情報をお伝えします。
同行者の同意チェックは事前にお時間ご指定頂けたらその時間に行うよう努めます。代表者の同意チェックはご購入者様自身でお願いいたします。
当日は速やかにログアウト･受取報告をお願いいたします。
座席に関するクレームや返金は一切受け付けません。
公演中止の場合のみ手数料を引いた金額を返金します。
その他、体調不良･交通機関の乱れ･メンバー不在･本人確認･ランダムエラーで入場できなかったなど、如何なる場合も必ず受け取りはしていただき、キャンセル･返金できません。
購入された時点で了承いただけたものとします。",2026-07-24 05:30:47,2026-07-24 06:04:34,True,y,5.0,,QR,,2026-07
tfklqczml0,1784870215683,milesixtones-2026,2026-11-22,16:30,日産スタジアム,listing,80000,2,前日に共有,electronic,female,"QR毎/初期当選/アリツア落選名義/重複すり替えなし/着ブロ希望なし/下3桁提示可能｜有効期限内/発送物戻りなし
公演前日夜にログインに必要な情報をお伝えします。
同行者の同意チェックは事前にお時間ご指定頂けたらその時間に行うよう努めます。代表者の同意チェックはご購入者様自身でお願いいたします。
当日は速やかにログアウト･受取報告をお願いいたします。
座席に関するクレームや返金は一切受け付けません。
公演中止の場合のみ手数料を引いた金額を返金します。
その他、体調不良･交通機関の乱れ･メンバー不在･本人確認･ランダムエラーで入場できなかったなど、如何なる場合も必ず受け取りはしていただき、キャンセル･返金できません。
購入された時点で了承いただけたものとします。",2026-07-24 05:16:55,2026-07-24 06:04:34,True,さーら,5.0,,QR,,2026-07
yz0b4wi6fm,1784871095171,milesixtones-2026,2026-11-22,16:30,日産スタジアム,listing,76000,2,3名義中2番手,electronic,female,"3名義中2番手
下三桁提示可能/すり替えなし/有効期限内/全てアリツ落選名義
・公演当日は開場時間20~30分前に会場付近で待ち合わせをし、同時入場していただきます。
・待ち合わせ場所、詳しい時間等は公演前日までにご連絡致します。
・チケットの発券後、当方が座席選択後に速やかにチケットをお渡しいたします。
・入場の際、端末をお借りする場合がございます。
・同行者登録にご協力いただく場合がございます。
・入場の際、身分証をお預かりさせていただく場合がございます。
・入場の際、同行者様と別々で入場していただく場合がございますが、チケットは必ず連番でお渡しいたします。
・必ず時間厳守でお願いいたします。遅刻をされた場合は先に入場させていただきます。その際も受取連絡していただきます。購入者都合のキャンセル、ランダムエラーや本人確認で入場できなかった場合など公演中止以外の理由での返金は致しかねます。
・チケットのお渡しと同時に受取連絡をお願い致します。
・成人済みの日本語対応可能な日本人女性のみご購入をお願いいたします。
・上記を全てご理解、ご了承頂いた方のみご購入お願いいたします。",2026-07-24 05:31:35,2026-07-24 06:04:34,True,R,5.0,,同行記載あり,,2026-07
porip1nfk1,1784872537980,milesixtones-2026,2026-11-22,16:30,日産スタジアム,listing,30000,2,同行,electronic,female,【入場時ランダムエラーの場合の全額返金保証、立見なし】ランダムのお渡しとなり、購入者様の座席選択権はありませんことご理解下さい。(連番での落札は必ず連番のお譲り) 外国人の方また代理購入不可。当日開場時間30分前に会場付近待ち合わせ予定。お席に関するクレーム、理由問わず集合時間に遅刻、買い手様都合(出演者変更含む)のキャンセルなど入場時のランダムエラー・公演中止以外一切対応、返金しかねます。チケットをお渡し受取連絡を頂いた時点でお取引完了とみなします。ご不明な点あれば購入前ににご質問頂き、上記記載にご納得ご了承いただける方のみご購入ください。,2026-07-24 05:55:37,2026-07-24 06:04:34,True,U,5.0,,ランダム,,2026-07
7a4bg5cvza,1784872821663,milesixtones-2026,2026-11-22,16:30,日産スタジアム,listing,70000,2,同行,electronic,female,"初期当選/すり替えなし/有効期限内/下3桁開示可
▲一部サイト通し、残り手渡し可能▲
★プラベ出品にするので希望額をメッセージにてお知らせください
公演当日、会場付近の指定した場所で開場30分前（予定）に待ち合わせをし、ログイン情報をお伝えします。遅刻した場合はお待ちすることは出来ません。その際にも受取連絡は必ずしていただきます。
座席に関してのクレームは一切受け付け致しませんのでご了承下さい。チケットお渡しの際に必ず受取連絡していただきます。公演中止以外、如何なる場合もキャンセル返金は対応致しません。時間厳守で集合できない方、日こまめに連絡が取れない方、外国人の方はご遠慮下さい。",2026-07-24 06:00:21,2026-07-24 06:04:34,True,sera,5.0,,QR同行,,2026-07
sold_1784871230478,1784871230478,milesixtones-2026,2026-11-22,16:30,日産スタジアム,sold,50000,2,初期当選、QR毎、重複すり替えなし、下3桁可能、有効期限内,electronic,none,アリツア落選名義です。公演前日になりましたらログイン情報ご提示させていただきます。同行者同意まではこちらで操作して、親名義の同意は買い手様で操作可能です。入場後...,2026-07-24 05:33:50,2026-07-24 06:04:34,False,,,,,2026-07-24 06:04:34,2026-07
o9amvudzoh,1784870941163,milesixtones-2026,2026-11-22,16:30,日産スタジアム,listing,64000,2,3名義中3番手,electronic,female,"3名義中3番手
下三桁提示可能/すり替えなし/有効期限内/全てアリツ落選名義
・公演当日は開場時間20~30分前に会場付近で待ち合わせをし、同時入場していただきます。
・待ち合わせ場所、詳しい時間等は公演前日までにご連絡致します。
・チケットの発券後、当方が座席選択後に速やかにチケットをお渡しいたします。
・入場の際、端末をお借りする場合がございます。
・同行者登録にご協力いただく場合がございます。
・入場の際、身分証をお預かりさせていただく場合がございます。
・入場の際、同行者様と別々で入場していただく場合がございますが、チケットは必ず連番でお渡しいたします。
・必ず時間厳守でお願いいたします。遅刻をされた場合は先に入場させていただきます。その際も受取連絡していただきます。購入者都合のキャンセル、ランダムエラーや本人確認で入場できなかった場合など公演中止以外の理由での返金は致しかねます。
・チケットのお渡しと同時に受取連絡をお願い致します。
・成人済みの日本語対応可能な日本人女性のみご購入をお願いいたします。
・上記を全てご理解、ご了承頂いた方のみご購入お願いいたします。",2026-07-24 05:29:01,2026-07-24 06:04:34,True,R,5.0,,同行記載あり,,2026-07
t2qfud1vrf,1784872661762,milesixtones-2026,2026-11-22,16:30,日産スタジアム,listing,30000,2,同行,electronic,female,【入場時ランダムエラーの場合の全額返金保証、立見なし】ランダムのお渡しとなり、購入者様の座席選択権はありませんことご理解下さい。(連番での落札は必ず連番のお譲り) 外国人の方また代理購入不可。当日開場時間30分前に会場付近待ち合わせ予定。お席に関するクレーム、理由問わず集合時間に遅刻、買い手様都合(出演者変更含む)のキャンセルなど入場時のランダムエラー・公演中止以外一切対応、返金しかねます。チケットをお渡し受取連絡を頂いた時点でお取引完了とみなします。ご不明な点あれば購入前ににご質問頂き、上記記載にご納得ご了承いただける方のみご購入ください。,2026-07-24 05:57:41,2026-07-24 06:04:34,True,U,5.0,,ランダム,,2026-07
oapnkr1h7a,1784871878691,milesixtones-2026,2026-11-22,16:30,日産スタジアム,listing,57000,2,前日,electronic,female,"・2名義中2番手に購入者様に座席選択権利があるチケットになります。
・入場後一度チケットを回収し、こちらで座席を選んだ後、購入者様にお選びいただきます。座席選択のため時間を頂きますが開演前には必ずお渡しします。
・発券に協力していただく場合がございます。その際は持ち逃げ防止の為、身分証明書を一度お預かりし、入場後すぐにお返しします。
・座席に関するクレームは一切受け付けておりません。
・チケットお渡し後のサイチェン等は自由にしていただいて構いません。
・いかなる場合でも返金致しかねます。集合時間に間に合わない場合でもお待ちせずに入場しますが、お受け取りをしていただきます。
・トラブル防止のため代理購入はお控えください。
・集合時間につきましては、開場30分前を予定しております。集合場所につきましては後ほど連絡させていただきます。
・スムーズに対応したいため、可能であればLINE交換をしていただきます。また、公演当日会場が電波悪くLINEが使用できない場合もあるため、事前に電話番号をお伺いします。ご了承ください。",2026-07-24 05:44:38,2026-07-24 06:04:34,True,♡♡,5.0,,番手,,2026-07
sold_1784870289120,1784870289120,milesixtones-2026,2026-11-22,16:30,日産スタジアム,sold,40000,2,入金後24時間以内にQRコード共有,electronic,female,下3桁提示可,2026-07-24 05:18:09,2026-07-24 06:04:34,False,,,,,2026-07-24 06:04:34,2026-07
jmq6089p9o,1784872934363,milesixtones-2026,2026-11-22,16:30,日産スタジアム,listing,60000,2,公演前日にログイン情報共有,electronic,female,"前回スタンド/有効期限内/下3桁提示可能/過去エラーなし
✨️プラベル移行可能です✨️
2連QR毎でのお譲り
体調不良、本人確認、ランダムエラー、出演者変更、交通機関の遅延などいかなる場合でも返金キャンセル不可。
公演中止の場合のみ手数料を差し引いた金額を返金します。
座席に関するクレームは一切受け付けません。",2026-07-24 06:02:14,2026-07-24 06:04:34,True,あ,5.0,,QR,,2026-07
jd0hw0dpi5,1784872142181,milesixtones-2026,2026-11-22,16:30,日産スタジアム,listing,79000,1,公演日当日QRコード共有,electronic,female,,2026-07-24 05:49:02,2026-07-24 06:04:34,True,⭐︎,5.0,,QR,,2026-07
1awu57kkwm,1784872113674,milesixtones-2026,2026-11-22,16:30,日産スタジアム,listing,90000,2,同行,electronic,female,"FC先行/有効期限名義のみ/アリツア落選名義/すり替えなし/下3桁提示可/条件あり
・2名義中2名義目のお譲りです。
・当方が選ばなかったチケットをお渡し致します。
・お席の選択に時間を頂きますので、ご了承ください。
・公演当日、開演2時間30分前に会場付近で待ち合わせし、同時入場していただきます。
詳しい待ち合わせ時間・場所等は、ご入金後にマイページの連絡ボードでお知らせします。
・当日こまめに連絡が取れる方でお願いします。
・入場後は速やかに受け取り通知をお願いします。
・チケットお渡し後サイドチェンジ等して頂いて構いません。
・公演中止以外の理由での返金対応はお受け致しか
ねます。ご了承ください。
・成人女性、日本人のご購入お願いします。",2026-07-24 05:48:33,2026-07-24 06:04:34,True,m♪,5.0,,,,2026-07
8ov50dyr4n,1784871593469,milesixtones-2026,2026-11-22,16:30,日産スタジアム,listing,55000,2,同行,electronic,female,"3名義中2番手
下三桁提示可能/すり替えなし/有効期限内/
すべて当選歴なしアリツ落選名義のみ
・公演当日は開場時間20~30分前に会場付近で待ち合わせをし、同時入場していただきます。
・待ち合わせ場所、詳しい時間等は決まり次第メッセージにてご連絡致します。
・チケットの発券後、当方が座席選択後2番目にお渡し致します。その際、座席確認のためお時間頂戴する場合がございます。
・入場の際、端末をお借りする場合がございます。
・同行者登録にご協力いただく場合がございます。
・入場の際、身分証をお預かりさせていただく場合がございます。
・入場の際、同行者様と別々で入場していただく場合がございますが、チケットは必ず連番でお渡しいたします。
・必ず時間厳守でお願いいたします。遅刻をされた場合は先に入場させていただきます。その際も受取連絡していただきます。購入者都合のキャンセル、ランダムエラーや本人確認で入場できなかった場合など公演中止以外の理由での返金は致しかねます。
・チケットのお渡しと同時に受取連絡をお願い致します。
・成人済みの日本人女性のみご購入をお願いいたします。
・上記を全てご理解、ご了承頂いた方のみご購入お願いいたします。",2026-07-24 05:39:53,2026-07-24 06:04:34,True,わ,5.0,,番手,,2026-07
heo2gditi5,1784869878596,milesixtones-2026,2026-11-22,16:30,日産スタジアム,listing,53333,2,公演日当日にQRコード共有,electronic,none,"FC先行 座席未定QR／初期選／重複・す
り替えなし／下3桁提示可能／有効期限内
公演日に連絡ボードにて必要な情報をお伝えします。
お席に関するクレーム・送金停止は一切お受け致しかねます。
主催者側による公演中止以外で、体調不良、検温での入
場不可
等、いかなる理由で入場できなかった場合でも返金は致しませんのでご了承ください。
本人確認、システムエラー等で入場できなかった際も返金はお断りさせていただきます。
※必ず日本語を話せる方でお願いします。
送金停止依頼、入金後の不備、如何なる場合でも返金受け付けません",2026-07-24 05:11:18,2026-07-24 06:04:34,True,めんた,5.0,,QR,,2026-07
3xlicevwhj,1784870106713,milesixtones-2026,2026-11-22,16:30,日産スタジアム,listing,52000,2,同行,electronic,female,"・2名義中2番手に購入者様に座席選択権利があるチケットになります。
・入場後一度チケットを回収し、こちらで座席を選んだ後、購入者様にお選びいただきます。座席選択のため時間を頂きますが開演前には必ずお渡しします。
・発券に協力していただく場合がございます。その際は持ち逃げ防止の為、身分証明書を一度お預かりし、入場後すぐにお返しします。
・座席に関するクレームは一切受け付けておりません。
・発券時ランダムエラー出た際は半額返金いたします。その後QRを買い足すなどの対応は致しかねます。ご了承ください。
・チケットお渡し後のサイチェン等は自由にしていただいて構いません。
・ランダムエラー以外、本人確認、交通機関による遅刻等いかなる場合でも返金致しかねます。集合時間に間に合わない場合でもお待ちせずに入場しますが、お受け取りをしていただきます。
・トラブル防止のため代理購入はお控えください。
・キャリーバッグの持ち込みは絶対にしないでください。
・集合時間につきましては、開場30分前を予定しております。集合場所につきましては後ほど連絡させていただきます。
・スムーズに対応したいため、可能であればLINE交換をしていただきます。また、公演当日会場が電波悪くLINEが使用できない場合もあるため、事前に電話番号をお伺いします。ご了承ください。",2026-07-24 05:15:06,2026-07-24 06:04:34,True,N♡,5.0,,番手,,2026-07
sold_1784870576522,1784870576522,milesixtones-2026,2026-11-22,16:30,日産スタジアム,sold,75000,1,公演日前日までにQRコード共有,electronic,female,"FC先行/初期当選/QRのお譲り/購入後下3桁提示可/すり替え重複なし/有効期限内/郵便物戻りなし/着ブロ指定なし/京本名義
当選履歴無い、今回は初めての当選で...",2026-07-24 05:22:56,2026-07-24 06:04:34,False,,,,,2026-07-24 06:04:34,2026-07
0z2e0j6kpj,1784869624866,milesixtones-2026,2026-11-22,16:30,日産スタジアム,listing,40000,2,同行,electronic,none,"【条件あり】
チケットを複数所持しております。同時入場後にチケットを一旦回収し、開演5分前を目処に再集合の上チケットをお渡しさせていただきます。座席についてのクレーム等一切受け付けません。
公演当日は開演2時間半前頃に会場付近に集合し、同時入場して頂きます。(集合時間は予定ですので前後する場合がございます。)
・集合時間は必ず時間厳守でお願いいたします。万が一遅刻された場合は、ご購入様都合でのキャンセルとし返金致しません。
・代理購入不可。必ず購入したご本人様が来てください。
・待ち合わせ場所やお時間の詳細は公演当日の朝までに連絡ボードからご連絡させて頂きます。
・入場の際、一時的に身分証明書をお預かりする場合がございますので当日ご持参ください。入場後に返却させて頂きます。
・公演中止以外のキャンセル、本人確認やランダムエラー等で入場できなかった場合の返金は対応しておりません。
・入場後一旦解散して頂きますので当日連絡の取れるお電話番号を事前にお伝えください。
・チケットを受け取りましたら速やかに受け取り連絡をお願いいたします。
・如何なる場合も送金停止は受け付けておりません。
以上をご理解頂ける日本語の分かる方のみご購入ください。
購入した時点で、上記の内容に全て同意したこととします。",2026-07-24 05:07:04,2026-07-24 06:04:34,True,a,5.0,,ランダム,,2026-07
6mo5xsz8mc,1784872549831,milesixtones-2026,2026-11-22,16:30,日産スタジアム,listing,85000,1,公演日当日QRコード共有,electronic,female,"初期当選/有効期限内/重複すり替え無し/下3桁提示可/発送物戻り無し/着ブロ指定無し
公演当日ログイン情報をお伝えいたします。同意チェックは購入者様に行っていただきます。
入場後はサイチェン等していただいて構いませんが、発券した座席をメッセージでお送りいただき、速やかにFCサイトのログアウト、受取通知をお願いいたします。
・FCサイトのスクショ、チケットの表示に必要なページ以外の閲覧はお控えください。
・座席へのクレームは一切受け付けません。
・本人確認、ランダムエラー、システムエラー、本人確認、交通機関の乱れ、体調不良等の理由により入場できない場合、また、入場後の本人確認等で退場となった場合でもキャンセル・返金対応は一切致しかねます。出演者の変更があった場合も同様です。
・万一、ランダムエラーや本人確認が行われた際は誓約書等は書かず速やかにその場を離れるようお願いいたします。
・公演中止の場合のみ返金対応いたします。
・トラブル防止のため代理購入不可
・日本語でスムーズにやり取りのできる20歳以上の日本人女性のみ購入可
購入された時点で以上のことに同意されたとみなします。",2026-07-24 05:55:49,2026-07-24 06:04:34,True,⭐︎,5.0,,QR,,2026-07
qby9lpjdye,1784871978577,milesixtones-2026,2026-11-22,16:30,日産スタジアム,listing,30000,2,ランダム配布,electronic,none,"【必ず下記全てお読みいただきご理解いただけた方のみご購入下さい】
【購入されたらまず購入者情報をメッセージに入れて下さい】
お待ち合わせ後QR表示用の端末ごとにわかれて入場していただき、発券されましたら1度全てのチケットを回収致します。発券したチケットがご自身のチケットになるわけではないので券面は確認せずにこちらにお渡し下さい。券面の写真なども撮らないで下さい。
購入者様がお席を選ぶことはできません。当該会場にて立見席、制作開放席、着席ブロックなどのような席種が採用される場合どんなお席になる可能性もございます。
チケットお渡しまでにお時間を頂戴しますので入場後一度解散し、開演10分前を目安に再度落ち合いお渡しします。その際は自由行動で構いませんが開演時刻迫りましたらこちらが指定した場所にて待機してくださるなどスムーズなお取引にご協力お願い致します。 待機中いつ渡していただけるかの催促などはお控え下さい。
お待ち合わせ時間目安は開場時間30分前(開演ではなく開場です)になりますが、当方の状況と公演により前後する可能性はございますのでお日にち近づきましたらこちらの連絡ボードより待ち合わせ場所と共にご案内致します。
遅刻には対応しておりませんので(交通機関の遅延などであっても不可)こちらの指定する時間に余裕を持って来ていただける当日融通のきく方のみご購入下さい。遅刻は開演時間ではなくこちらの指定する時間が指標ですのでご了承願います。
お待ち合わせ後は入場列に並びますので会場外での用事はそれまでにお済ませ下さい。入場後もチケットお渡しまではお手洗い使えない可能性もありますので必ず済ませてからいらしてください。
当日の予期せぬネット環境の不具合なども考慮して、購入されましたらすぐ、こちらからお伺いする前にお名前(漢字フルネーム)と電話番号もお知らせ下さい。
感染症関連による公演中止の場合を除き、購入者様の体調不良、出演者変更、ランダムエラー、本人確認、端末の不具合、遅刻などいかなる場合により入場ができなかった場合でも受取連絡はしていただき、返金は致しかねます。(特にランダムエラーは運営側のシステムの為こちらにはどうすることもできませんのでクレームは受けません)
また、事前/当日に関わらず購入者様都合でのキャンセルはお受けできませんのできちんと考えてからご購入下さい。
代理購入もトラブルの原因になりかねませんので禁止です。
チケットをお渡しした際に受取連絡までの処理をしていただきます。応じていただけない方にはチケットお渡し致しません。 また、券面を確認して受取連絡まで完了したのちの送金停止はどんな理由であっても受け付けません。
開演間際につき再集合時のやり取りを極力最小限にするため、発送連絡は事前に行うことがありますが受取連絡はチケットを渡した際で大丈夫です。
〈その他条件〉
・19歳以上であり、メッセージ上だけでなく実際の会話でも日本語に不自由のないこと。同行者登録時にお名前(と電話番号)を使わせていただくことがあるので申し訳ございませんが実名が日本式姓名の方のみとなります。
・団体での移動に困難が生じる可能性のある方は購入お控え下さい。(足の悪い方、杖や松葉杖を携えている方、キャリーケースなど大きな荷物をお持ちの方など)
・お手持ちのスマートフォンをお借りして発券に必要な情報をこちらで打ち込み、その端末で発券していただくことがあります。その際身分証をお預かりすることもあります。この身分証につきましては入場後すぐチケット回収時に返却致します。
・録音録画やその他迷惑行為はご遠慮願います。
・ランダム配布について理解されていること。
以上、全て読まれていないと思われる購入に関しては一切責任負えませんのでよろしくお願い致します。",2026-07-24 05:46:18,2026-07-24 06:04:34,True,p,5.0,,ランダム,,2026-07
